"tune.args","fold","auc.val","auc.diff","cbi.val","or.mtp","or.10p"
"fc.L_rm.0.5",1,0.412085922957088,0.351238559818849,-0.601,0,0.720930232558139
"fc.L_rm.0.5",2,0.750244656674865,0.118210111254557,0.647,0,0
"fc.L_rm.0.5",3,0.689606003489423,0.0411402570296461,0.541,0,0.0232558139534884
"fc.L_rm.0.5",4,0.72932626555342,0.0724487754437964,0.102,0,0
"fc.LQ_rm.0.5",1,0.610828889807568,0.233336176226378,0.301,0.116279069767442,0.302325581395349
"fc.LQ_rm.0.5",2,0.821581638253794,0.0930163857932131,0.707,0,0.0232558139534884
"fc.LQ_rm.0.5",3,0.799789093100331,0.0211055978206287,0.883,0,0.0930232558139535
"fc.LQ_rm.0.5",4,0.832174896469936,0.0468447268116343,0.781,0,0
"fc.H_rm.0.5",1,0.642429890389138,0.23959327798487,0.206,0.0232558139534884,0.302325581395349
"fc.H_rm.0.5",2,0.828949365994707,0.0957022628260824,0.863,0,0
"fc.H_rm.0.5",3,0.725931972598452,0.154512532523572,0.744,0.232558139534884,0.27906976744186
"fc.H_rm.0.5",4,0.798033885174877,0.0345552372011173,0.559,0,0
"fc.LQH_rm.0.5",1,0.642967084042779,0.239362872269363,0.194,0.0465116279069767,0.325581395348837
"fc.LQH_rm.0.5",2,0.824090099053838,0.0933977312472702,0.892,0,0.0232558139534884
"fc.LQH_rm.0.5",3,0.726971325537018,0.152453953161385,0.795,0.255813953488372,0.27906976744186
"fc.LQH_rm.0.5",4,0.807428102793638,0.023625111403665,0.55,0,0
"fc.LQHP_rm.0.5",1,0.699886255082903,0.191113795133026,0.367,0.0232558139534884,0.232558139534884
"fc.LQHP_rm.0.5",2,0.842151483939078,0.0645315463323687,0.859,0,0
"fc.LQHP_rm.0.5",3,0.725668047020794,0.175990334017671,0.652,0.13953488372093,0.27906976744186
"fc.LQHP_rm.0.5",4,0.869732638988514,0.0168489772214953,0.809,0,0
"fc.L_rm.1.5",1,0.418546260548264,0.344044598897352,-0.618,0,0.697674418604651
"fc.L_rm.1.5",2,0.749434194945241,0.117568343659714,0.679,0,0
"fc.L_rm.1.5",3,0.693228557214628,0.0471598367164855,0.552,0,0.0232558139534884
"fc.L_rm.1.5",4,0.734206285446494,0.0789830299439263,0.087,0,0
"fc.LQ_rm.1.5",1,0.575525924265037,0.240556668383351,0.308,0.116279069767442,0.27906976744186
"fc.LQ_rm.1.5",2,0.777569128648538,0.0850322356335732,0.613,0,0.0232558139534884
"fc.LQ_rm.1.5",3,0.768160065023788,0.0380032030171598,0.755,0,0.0930232558139535
"fc.LQ_rm.1.5",4,0.847623112309796,0.0926514561601695,0.551,0,0
"fc.H_rm.1.5",1,0.642495287877408,0.218039386221216,0.461,0.0465116279069767,0.27906976744186
"fc.H_rm.1.5",2,0.828235832685198,0.0972500155465011,0.682,0,0
"fc.H_rm.1.5",3,0.742888607056856,0.106108172846729,0.788,0.0697674418604651,0.255813953488372
"fc.H_rm.1.5",4,0.853528868868294,0.045126602605806,0.359,0,0
"fc.LQH_rm.1.5",1,0.63665856204937,0.22464347420653,0.467,0.0697674418604651,0.302325581395349
"fc.LQH_rm.1.5",2,0.820899635876128,0.0993983522314557,0.718,0,0
"fc.LQH_rm.1.5",3,0.760011070860514,0.0847338322227439,0.824,0.0465116279069767,0.232558139534884
"fc.LQH_rm.1.5",4,0.846372622155912,0.0406630606020369,0.292,0,0
"fc.LQHP_rm.1.5",1,0.693257752521891,0.176706531398969,0.498,0,0.232558139534884
"fc.LQHP_rm.1.5",2,0.840154524922282,0.0767943417596829,0.911,0,0
"fc.LQHP_rm.1.5",3,0.755178663602327,0.10458550984349,0.672,0.116279069767442,0.162790697674419
"fc.LQHP_rm.1.5",4,0.875442333993248,0.0641932272799356,0.623,0,0
"fc.L_rm.2.5",1,0.425081338126035,0.336410263259925,-0.611,0,0.697674418604651
"fc.L_rm.2.5",2,0.748642418212266,0.117150832518784,0.649,0,0
"fc.L_rm.2.5",3,0.693263591583343,0.0478696476243194,0.531,0,0.0232558139534884
"fc.L_rm.2.5",4,0.729670568769786,0.0740479615714906,0.031,0,0
"fc.LQ_rm.2.5",1,0.560444796345215,0.241580474820799,0.052,0.0697674418604651,0.27906976744186
"fc.LQ_rm.2.5",2,0.769329045126602,0.102752217894505,0.668,0,0
"fc.LQ_rm.2.5",3,0.723731814243106,0.0120465676828969,0.704,0,0.0697674418604651
"fc.LQ_rm.2.5",4,0.854774577033063,0.116226162062278,0.346,0,0
"fc.H_rm.2.5",1,0.651438394398238,0.199756117000778,0.596,0,0.27906976744186
"fc.H_rm.2.5",2,0.821712433230332,0.0788513336270381,0.86,0,0
"fc.H_rm.2.5",3,0.769376925430514,0.0624750380122902,0.728,0,0.13953488372093
"fc.H_rm.2.5",4,0.875997044730726,0.0835680678339613,0.671,0,0
"fc.LQH_rm.2.5",1,0.638361232368954,0.214999625570184,0.527,0,0.27906976744186
"fc.LQH_rm.2.5",2,0.818837279371063,0.0860044576125012,0.88,0,0
"fc.LQH_rm.2.5",3,0.783603214753673,0.0349886050715752,0.757,0,0.13953488372093
"fc.LQH_rm.2.5",4,0.862076674413489,0.0662746158450208,0.64,0,0
"fc.LQHP_rm.2.5",1,0.697599678618058,0.160719217635834,0.717,0,0.255813953488372
"fc.LQHP_rm.2.5",2,0.838215956520013,0.0785160437701885,0.888,0,0
"fc.LQHP_rm.2.5",3,0.752504373457028,0.0895092538905666,0.743,0.116279069767442,0.162790697674419
"fc.LQHP_rm.2.5",4,0.88150589619258,0.0844754224664965,0.657,0,0
"fc.L_rm.3.5",1,0.431611744454643,0.328302762927098,-0.533,0,0.627906976744186
"fc.L_rm.3.5",2,0.747778237117279,0.116597362481344,0.654,0,0
"fc.L_rm.3.5",3,0.693244906586695,0.0484935695875988,0.52,0,0.0232558139534884
"fc.L_rm.3.5",4,0.725142025076751,0.0688600594256675,-0.073,0,0
"fc.LQ_rm.3.5",1,0.564015966329636,0.233470255674984,0.037,0.0232558139534884,0.255813953488372
"fc.LQ_rm.3.5",2,0.762368883875082,0.104309933513527,0.67,0,0
"fc.LQ_rm.3.5",3,0.70833070575568,0.0291304571868336,0.675,0,0.0697674418604651
"fc.LQ_rm.3.5",4,0.856261775648199,0.134588889059409,0.728,0,0
"fc.H_rm.3.5",1,0.660769214599522,0.187471972505027,0.665,0,0.27906976744186
"fc.H_rm.3.5",2,0.817108917181088,0.0657730950207988,0.927,0,0.0232558139534884
"fc.H_rm.3.5",3,0.782526491821811,0.0226670905825281,0.814,0.0232558139534884,0.0697674418604651
"fc.H_rm.3.5",4,0.884052305396953,0.101976112518647,0.957,0,0
"fc.LQH_rm.3.5",1,0.648511856798186,0.196641050704074,0.585,0,0.27906976744186
"fc.LQH_rm.3.5",2,0.802831244117146,0.0843821473761593,0.726,0,0
"fc.LQH_rm.3.5",3,0.791210344014145,0.00223035725129683,0.801,0,0.0465116279069767
"fc.LQH_rm.3.5",4,0.843168689448063,0.0594141295990224,0.684,0,0
"fc.LQHP_rm.3.5",1,0.687579849165365,0.162896731380985,0.672,0,0.255813953488372
"fc.LQHP_rm.3.5",2,0.826764389199138,0.0748361760074132,0.882,0,0
"fc.LQHP_rm.3.5",3,0.761066773171148,0.0714136740016956,0.675,0.116279069767442,0.162790697674419
"fc.LQHP_rm.3.5",4,0.862466406526459,0.0724039581969633,0.768,0,0
