GCM,SSP,period,valid_cells,NAC_cells,NAC_percent,total_area_km2,NAC_area_km2,NAC_area_percent,future_suitable_km2,suitable_NAC_km2,suitable_NAC_percent,MOP_mean,MOP_median,MOP_P95,MOP_max
CNRM-CM6-1,SSP126,2041-2060,54539,15430,28.29168,1160946,327368.3,28.19842,126024.2,106.84313,0.08477986,0.2681347,0.2512499,0.4541516,1
HadGEM3-GC31-LL,SSP126,2041-2060,54539,28447,52.15901,1160946,605053.2,52.11727,113504.6,1815.41762,1.59942266,0.2977959,0.2993699,0.4865745,1
MIROC6,SSP126,2041-2060,54539,6142,11.26167,1160946,129917.4,11.19065,155104.9,42.73058,0.02754946,0.2663451,0.2367299,0.4659104,1
MRI-ESM2-0,SSP126,2041-2060,54539,6876,12.60749,1160946,145411.5,12.52526,129241.5,0,0,0.2157297,0.1923326,0.3699846,1
CNRM-CM6-1,SSP585,2041-2060,54539,29872,54.77181,1160946,635423.4,54.73326,121859,85.46987,0.07013832,0.266594,0.2553497,0.4396809,1
HadGEM3-GC31-LL,SSP585,2041-2060,54539,39739,72.86346,1160946,846028.9,72.87411,129855.3,1964.90678,1.51315061,0.3360492,0.3350198,0.6103451,1
MIROC6,SSP585,2041-2060,54539,13557,24.85744,1160946,287457.9,24.76067,129022.6,0,0,0.2804168,0.2592313,0.4750436,1
MRI-ESM2-0,SSP585,2041-2060,54539,17316,31.74976,1160946,367454.5,31.65131,130840.4,0,0,0.3027141,0.2881139,0.4801268,1
CNRM-CM6-1,SSP126,2061-2080,54539,17543,32.16597,1160946,372374.2,32.07508,124670.1,170.94978,0.13712168,0.2976021,0.278447,0.4934586,1
HadGEM3-GC31-LL,SSP126,2061-2080,54539,33087,60.66668,1160946,704127.1,60.65117,123539.7,2520.18249,2.03997752,0.2625074,0.2660064,0.4228301,1
MIROC6,SSP126,2061-2080,54539,7198,13.1979,1160946,152313.2,13.11976,155820.3,42.73058,0.02742299,0.2697887,0.2432962,0.4665352,1
MRI-ESM2-0,SSP126,2061-2080,54539,7989,14.64823,1160946,168990,14.55624,132466.1,64.09123,0.0483831,0.2796413,0.2522212,0.47192,1
CNRM-CM6-1,SSP585,2061-2080,54539,41717,76.49022,1160946,888152.9,76.50254,122491,5744.51219,4.68974114,0.2350035,0.2423551,0.3516939,1
HadGEM3-GC31-LL,SSP585,2061-2080,54539,42921,78.69781,1160946,913750.1,78.7074,117628.3,1366.64451,1.16183271,0.4061628,0.4138461,0.729201,1
MIROC6,SSP585,2061-2080,54539,25266,46.32648,1160946,537034.6,46.25838,127055.1,21.2102,0.01669371,0.2563393,0.2466509,0.4331302,1
MRI-ESM2-0,SSP585,2061-2080,54539,34074,62.47639,1160946,725033.8,62.452,137375.8,384.44787,0.27985116,0.3088192,0.297489,0.4919784,1
