scenario,change,n_cells,area_km2,min_m,q1_m,median_m,mean_m,q3_m,max_m
SSP126_2041,Gain,1153,24559.16,339,1153,1512,1448.7603,1766,2572
SSP126_2041,Loss,12156,259488.07,1,181,211,236.9803,251,1299
SSP126_2041,Persistence,5622,119735.44,90,627,968,970.8908,1312,2474
SSP585_2041,Gain,2134,45408.89,339,1226,1567,1534.6912,1845,2752
SSP585_2041,Loss,13392,285835.7,1,183,216,252.533,266,929
SSP585_2041,Persistence,4386,93387.82,91,867,1100,1130.3472,1410,2474
SSP126_2061,Gain,1412,30064.81,365,1192,1544,1485.0524,1804,2752
SSP126_2061,Loss,12465,266082.16,1,182,212,238.6085,254,1061
SSP126_2061,Persistence,5313,113141.35,90,699,993,1009.8354,1336,2474
SSP585_2061,Gain,3123,66446.82,453,1396,1732,1708.6888,2015,2910
SSP585_2061,Loss,14136,301674.43,1,185,220,274.2062,285,1035
SSP585_2061,Persistence,3642,77549.08,91,980,1191,1225.322,1478,2474
