scenario,alt_band,area_km2,percent
Current,<500,268865.8404,70.8990427907605
Current,500-1000,54505.6992,14.37297461876128
Current,1000-1500,37624.2986,9.921404490972856
Current,1500-2000,16565.6406,4.368305248477967
Current,2000-2500,1662.0337,0.4382728510274004
Current,2500-3000,0,0
Current,>3000,0,0
SSP126_2041,<500,22621.2613,15.677136243136392
SSP126_2041,500-1000,45758.3279,31.711739289550984
SSP126_2041,1000-1500,45180.4702,31.311268521281075
SSP126_2041,1500-2000,27387.947,18.980576319093164
SSP126_2041,2000-2500,3282.55,2.2748945291970686
SSP126_2041,2500-3000,64.0453,0.044385097741324576
SSP126_2041,>3000,0,0
SSP585_2041,<500,5142.6551,3.705170890847526
SSP585_2041,500-1000,38374.1093,27.647709203862675
SSP585_2041,1000-1500,51649.372,37.21224658152853
SSP585_2041,1500-2000,35704.7805,25.724515994218702
SSP585_2041,2000-2500,7286.3596,5.249663250830767
SSP585_2041,2500-3000,639.4282,0.46069407871179807
SSP585_2041,>3000,0,0
SSP126_2061,<500,16539.5421,11.549462311068904
SSP126_2061,500-1000,45646.8268,31.87490334127751
SSP126_2061,1000-1500,46602.0596,32.5419366336863
SSP126_2061,1500-2000,29919.8445,20.89284662879465
SSP126_2061,2000-2500,4284.4915,2.9918345261411488
SSP126_2061,2500-3000,213.4009,0.14901655903147307
SSP126_2061,>3000,0,0
SSP585_2061,<500,1792.654,1.2449340026828248
SSP585_2061,500-1000,23801.8788,16.52955240992153
SSP585_2061,1000-1500,54717.3522,37.999241510381744
SSP585_2061,1500-2000,44681.5513,31.029737197466424
SSP585_2061,2000-2500,16168.7204,11.228597267421067
SSP585_2061,2500-3000,2833.7496,1.9679376121264083
SSP585_2061,>3000,0,0
