"fc","rm","tune.args","auc.train","cbi.train","auc.diff.avg","auc.diff.sd","auc.val.avg","auc.val.sd","cbi.val.avg","cbi.val.sd","or.10p.avg","or.10p.sd","or.mtp.avg","or.mtp.sd","AICc","delta.AICc","w.AIC","ncoef"
"L",0.5,"fc.L_rm.0.5",0.677774674328088,0.873,0.185693555026335,0.0670127450852874,0.544462942696053,0.059972795580792,0.1425,0.245694254443743,0.186046511627907,0.356757627876088,0,0,3078.62826309272,166.524134385807,6.63430718938928e-37,5
"LQ",0.5,"fc.LQ_rm.0.5",0.803989045408153,0.936,0.120480702213414,0.0697810122030185,0.692212101852968,0.0622117509563257,0.56825,0.22226616926559,0.104651162790698,0.137583250769758,0.0232558139534884,0.0465116279069767,2970.35990902078,58.2557803138643,2.14768184510325e-13,12
"H",0.5,"fc.H_rm.0.5",0.844393032579781,0.972,0.179079753189509,0.0890305667000476,0.679489055105053,0.097671110222421,0.564,0.193891722360703,0.13953488372093,0.162236042918266,0.0697674418604651,0.110719820597564,2972.71028559492,60.6061568880032,6.63120047413651e-14,46
"LQH",0.5,"fc.LQH_rm.0.5",0.843846708323159,0.976,0.175287848098787,0.0833143719325886,0.68303611189501,0.0913498574500869,0.6505,0.132283785854503,0.13953488372093,0.162236042918266,0.063953488372093,0.112936451816538,2972.99148300377,60.8873542968531,5.7614383113686e-14,46
"LQHP",0.5,"fc.LQHP_rm.0.5",0.863592260582032,0.985,0.137764584937181,0.0663140090065462,0.738411227949314,0.0634599189036576,0.66575,0.0735408049996734,0.133720930232558,0.154699240647094,0.0465116279069767,0.0782907359562952,2932.09564187473,19.9915131678154,4.37471720097648e-05,51
"L",1,"fc.L_rm.1",0.678059840365575,0.879,0.184098863349088,0.0658887638190842,0.545643390559766,0.0565486568870047,0.13025,0.298477665272741,0.180232558139535,0.345135397201298,0,0,3078.68946447648,166.585335769565,6.43436754670969e-37,5
"LQ",1,"fc.LQ_rm.1",0.784307318812702,0.943,0.115860631888832,0.0639173167840861,0.681789500767963,0.0466323021421228,0.5885,0.221321033794802,0.0930232558139535,0.115501274618227,0.0174418604651163,0.0348837209302326,2993.60860291052,81.5044742036052,1.92123377146291e-18,11
"H",1,"fc.H_rm.1",0.830691009423361,0.978,0.149443229348244,0.0701430282008466,0.693633689977435,0.0742359958659279,0.60325,0.24171108787145,0.133720930232558,0.154699240647094,0.0174418604651163,0.0348837209302326,2946.18993237084,34.0858036639206,3.80551720146107e-08,27
"LQH",1,"fc.LQH_rm.1",0.829836682423993,0.984,0.151615237081773,0.070366145690265,0.690358687037748,0.0730764421741354,0.623,0.149721964543171,0.133720930232558,0.154699240647094,0.0348837209302326,0.0402802513388111,2951.23572616701,39.1315974600957,3.0530469861134e-09,28
"LQHP",1,"fc.LQHP_rm.1",0.844332134699085,0.957,0.111043805386797,0.0694308284629578,0.741505310452598,0.0575066081690869,0.799,0.099401542576897,0.104651162790698,0.122323518124492,0.0290697674418605,0.0581395348837209,2912.10412870692,0,0.959515314140753,31
"L",1.5,"fc.L_rm.1.5",0.678352618638148,0.881,0.182664156561544,0.0650816979296154,0.546717086371973,0.0534045208309254,0.13425,0.220115689278767,0.180232558139535,0.345135397201298,0,0,3078.79146407232,166.687335365401,6.11444347362211e-37,5
"LQ",1.5,"fc.LQ_rm.1.5",0.769988704614244,0.926,0.119030756839715,0.0683986889678451,0.666377041903711,0.0397891316695563,0.47575,0.224569773864012,0.0930232558139535,0.131554749988195,0.0174418604651163,0.0348837209302326,3006.05930172067,93.9551730137514,3.80141529285634e-21,9
"H",1.5,"fc.H_rm.1.5",0.822217420658552,0.983,0.135907011803067,0.0605550687980549,0.70028616734654,0.0611161093249046,0.66425,0.219080464669947,0.133720930232558,0.154699240647094,0,0,2964.89741391546,52.7932852085441,3.29712708349377e-12,27
"LQH",1.5,"fc.LQH_rm.1.5",0.823225163472749,0.986,0.134451139192007,0.067898887964697,0.699096594554703,0.0647557356402832,0.63725,0.166169341335879,0.127906976744186,0.14890986598681,0,0,2948.29873831505,36.1946096081329,1.32584360089852e-08,22
"LQHP",1.5,"fc.LQHP_rm.1.5",0.832046572825375,0.972,0.108925343869153,0.0720080902580499,0.73306640053866,0.0593249781646704,0.82825,0.117474465310552,0.116279069767442,0.13953488372093,0.0290697674418605,0.0581395348837209,2918.895529329,6.79140062208353,0.0321601453799492,24
"L",2,"fc.L_rm.2",0.678573373455668,0.877,0.181813765867455,0.0631754126475719,0.547243849305878,0.0519623656645588,0.12025,0.223577540613244,0.180232558139535,0.345135397201298,0,0,3078.93238809298,166.828259386062,5.69843596241709e-37,5
"LQ",2,"fc.LQ_rm.2",0.762243548191596,0.93,0.124509782535508,0.0643670008080528,0.65373780475263,0.0327256778961872,0.46575,0.151550596611605,0.0930232558139535,0.131554749988195,0.0174418604651163,0.0348837209302326,3014.72569735716,102.621568650246,4.98955042553292e-23,9
"H",2,"fc.H_rm.2",0.816242401671881,0.978,0.120299973918687,0.0631935769260637,0.710076196100045,0.0597366872778926,0.74075,0.17172531360674,0.11046511627907,0.136101161752554,0,0,2948.42982393606,36.3256952291454,1.24173069249643e-08,16
"LQH",2,"fc.LQH_rm.2",0.816132317041394,0.986,0.125375787949003,0.0746156158932774,0.701507237659134,0.0669842094689529,0.705,0.141833235409289,0.104651162790698,0.133594480152047,0,0,2967.38700489928,55.2828761923579,9.49571941935002e-13,24
"LQHP",2,"fc.LQHP_rm.2",0.825021650953257,0.963,0.0966552732404605,0.0704783285265841,0.737617804557747,0.0561476244198114,0.83975,0.094830990012056,0.11046511627907,0.130695467442538,0.0290697674418605,0.0581395348837209,2929.57940050477,17.4752717978517,0.00015393765086477,22
"L",2.5,"fc.L_rm.2.5",0.678852098371157,0.882,0.180856424900642,0.0614606659541001,0.547897660050184,0.0507672117660314,0.124,0.23173691980347,0.180232558139535,0.345135397201298,0,0,3079.08876229846,166.984633591542,5.26986445384547e-37,5
"LQ",2.5,"fc.LQ_rm.2.5",0.753906979658351,0.922,0.132382297404991,0.058794217406995,0.640415635411882,0.0233848400449374,0.4865,0.150630895458623,0.0872093023255814,0.132067635948844,0.0174418604651163,0.0348837209302326,3023.75880544995,111.654676743032,5.45188788830701e-25,9
"H",2.5,"fc.H_rm.2.5",0.814225159373853,0.981,0.10813657941753,0.0721779296149457,0.716917121127753,0.0651209504006346,0.79475,0.116293808949574,0.104651162790698,0.133594480152047,0,0,2957.9705387111,45.8664100041874,1.05265855859858e-10,17
"LQH",2.5,"fc.LQH_rm.2.5",0.813655412855426,0.983,0.12224515687368,0.08074073536875,0.700076578847312,0.07276062085305,0.71,0.145384547551198,0.104651162790698,0.142728315035054,0,0,2955.94846110216,43.8443323952383,2.89318429925172e-10,17
"LQHP",2.5,"fc.LQHP_rm.2.5",0.820980725235203,0.958,0.0910332514983186,0.0721361908015368,0.738929947306353,0.0562762468805086,0.82,0.0776530746332687,0.0988372093023256,0.123606346659705,0.0290697674418605,0.0581395348837209,2921.7498235051,9.64569479817783,0.00771819768875021,15
"L",3,"fc.L_rm.3",0.67912438216465,0.89,0.179734428797177,0.0596528280918122,0.548716685778337,0.0493244381807858,0.1425,0.207178666855446,0.180232558139535,0.345135397201298,0,0,3079.29625171159,167.192123004672,4.7505477886555e-37,5
"LQ",3,"fc.LQ_rm.3",0.748723047564173,0.918,0.139230690091959,0.0545070794667003,0.628920306935536,0.0168406101735715,0.51725,0.169914439253015,0.0813953488372093,0.120840754016433,0.00581395348837209,0.0116279069767442,3027.64408034315,115.539951636231,7.81394217644099e-26,8
"H",3,"fc.H_rm.3",0.812651768937045,0.974,0.104052034584546,0.0731471207825898,0.717355530136688,0.0642227387383209,0.68475,0.313900594668652,0.0988372093023256,0.12648968117892,0.00581395348837209,0.0116279069767442,2955.27973151635,43.175602809436,4.04193089500994e-10,13
"LQH",3,"fc.LQH_rm.3",0.811665106158474,0.987,0.130248527486244,0.088117388882979,0.68734473292259,0.0839971153533226,0.53775,0.339538289446124,0.0872093023255814,0.132067635948844,0,0,2962.5160020787,50.4118733717783,1.08455778656427e-11,17
"LQHP",3,"fc.LQHP_rm.3",0.818859253872139,0.947,0.0954964281970601,0.0740345388594254,0.730620726376097,0.0632629588188849,0.8125,0.0727025905086378,0.0988372093023256,0.123606346659705,0.0290697674418605,0.0581395348837209,2927.72336101304,15.6192323061227,0.000389384544571274,15
"L",3.5,"fc.L_rm.3.5",0.679406034862866,0.883,0.178736620627705,0.0579043437859657,0.549492242116262,0.0482002935345303,0.149,0.186881424081332,0.162790697674419,0.310271257305264,0,0,3079.53733346821,167.433204761295,4.21107962163869e-37,5
"LQ",3.5,"fc.LQ_rm.3.5",0.744314392335767,0.912,0.140455766498115,0.0556195430686156,0.623137386509031,0.0168486441782399,0.43975,0.132575450216094,0.0813953488372093,0.120840754016433,0.00581395348837209,0.0116279069767442,3030.38521848979,118.281089782869,1.98444747108036e-26,7
"H",3.5,"fc.H_rm.3.5",0.811857754261827,0.976,0.0966459989365189,0.0676590376318855,0.722803167006205,0.0530329723120917,0.701,0.313807796801375,0.0930232558139535,0.12737733895469,0.00581395348837209,0.0116279069767442,2957.07832623257,44.9741975256534,1.64448154445198e-10,11
"LQH",3.5,"fc.LQH_rm.3.5",0.808370765035482,0.992,0.129668816673006,0.082965273766131,0.683637996904336,0.0773398568958505,0.55675,0.354696466479909,0.0872093023255814,0.132067635948844,0,0,2972.25166017426,60.1475314673457,8.34029481381978e-14,17
"LQHP",3.5,"fc.LQHP_rm.3.5",0.816644093461851,0.944,0.0991287666763178,0.0757123448952903,0.723964757529099,0.066463166694437,0.7055,0.148773877635379,0.0988372093023256,0.123606346659705,0.0290697674418605,0.0581395348837209,2934.32423146574,22.2201027588244,1.43554860952308e-05,15
"L",4,"fc.L_rm.4",0.679697056465803,0.889,0.177587963237435,0.0560752894459872,0.550396008639796,0.0471238371095524,0.16,0.133892992099412,0.162790697674419,0.310271257305264,0,0,3079.81458726415,167.710458557234,3.66596704143806e-37,5
"LQ",4,"fc.LQ_rm.4",0.741893701578133,0.921,0.144456250098428,0.0517257802931911,0.616685273582714,0.0116877651522313,0.42725,0.113085144913026,0.0813953488372093,0.120840754016433,0.00581395348837209,0.0116279069767442,3031.48138674283,119.377258035917,1.14712222924965e-26,6
"H",4,"fc.H_rm.4",0.810841813655998,0.981,0.0985097949895647,0.0601055191822089,0.719327949417087,0.0448944015604368,0.6875,0.317513779228556,0.0930232558139535,0.12737733895469,0.00581395348837209,0.0116279069767442,2961.16446714124,49.0603384343231,2.13174267534929e-11,10
"LQH",4,"fc.LQH_rm.4",0.805392038890324,0.986,0.132040656662062,0.0753840477222202,0.677204030894126,0.0667819655196474,0.5435,0.334095295786497,0.0872093023255814,0.132067635948844,0,0,2973.61153912414,61.5074104172227,4.22559082042452e-14,14
"LQHP",4,"fc.LQHP_rm.4",0.814592888884204,0.935,0.0997415950567042,0.0765214907455897,0.721519067189524,0.0659514951034492,0.67675,0.125696393477829,0.104651162790698,0.126667710374947,0.0290697674418605,0.0581395348837209,2936.49447533753,24.3903466306174,4.8501529451593e-06,13
