"fc","rm","tune.args","auc.train","cbi.train","auc.diff.avg","auc.diff.sd","auc.val.avg","auc.val.sd","cbi.val.avg","cbi.val.sd","or.10p.avg","or.10p.sd","or.mtp.avg","or.mtp.sd","AICc","delta.AICc","w.AIC","ncoef","delta.AICc_40","w.AIC_40"
"LQHP",1,"fc.LQHP_rm.1",0.848902631578947,0.974,0.103021598953662,0.0584951266413933,0.794565983462471,0.0800397484294202,0.6865,0.146820752393295,0.0930232558139535,0.109079436274963,0.0174418604651163,0.0348837209302326,3768.6173230901,0,0.999996477716769,32,0,0.993462575002376
"LQHP",1.5,"fc.LQHP_rm.1.5",0.835745906432748,0.977,0.105569902570519,0.0503370345709737,0.791008318759937,0.0824285344953284,0.676,0.172948932732565,0.0988372093023256,0.117627836476694,0.0290697674418605,0.0581395348837209,3779.03085947964,0,0.833118200467304,24,10.4135363895402,0.0054435324451066
"LQHP",0.5,"fc.LQHP_rm.0.5",0.86678216374269,0.966,0.11212116317614,0.0849718932655068,0.784359606257822,0.0840811156521996,0.67175,0.221481940573041,0.127906976744186,0.14890986598681,0.0406976744186047,0.0667972400760236,3782.2473435744,3.21648409475938,0.166823018673064,51,13.6300204843001,0.0010900092138521
"LQHP",2,"fc.LQHP_rm.2",0.828162865497076,0.977,0.107413530711934,0.0427029450820562,0.790555644021394,0.0855202741733375,0.74025,0.13486876337141,0.116279069767442,0.13953488372093,0.0290697674418605,0.0581395348837209,3793.74774423352,25.1304211434149,3.49137787178242e-06,22,25.1304211434199,3.46856546806859e-06
"LQHP",2.5,"fc.LQHP_rm.2.5",0.824068128654971,0.967,0.103304984440771,0.0385389860552646,0.79245647619692,0.0829009686337845,0.75125,0.0980216812751138,0.104651162790698,0.126667710374947,0.0290697674418605,0.0581395348837209,3798.2806954051,19.249835925455,5.50373940305035e-05,19,29.6633723149998,3.59610244897343e-07
"LQHP",3,"fc.LQHP_rm.3",0.821765789473684,0.947,0.0993345840461864,0.041023495227691,0.790035115847103,0.080917258871523,0.75475,0.104748508342601,0.0988372093023256,0.123606346659705,0.0290697674418605,0.0581395348837209,3803.38899244249,34.7716693523944,2.81466301927697e-08,18,34.7716693523898,2.79627222016397e-08
"LQHP",3.5,"fc.LQHP_rm.3.5",0.819360526315789,0.957,0.0953876348967642,0.0450290305108299,0.784469354515527,0.0770447210864428,0.74925,0.0990870829119517,0.104651162790698,0.126667710374947,0.0290697674418605,0.0581395348837209,3803.68208525014,24.6512257704994,3.69624678784164e-06,15,35.0647621600401,2.41510019868088e-08
"LQHP",4,"fc.LQHP_rm.4",0.817000877192982,0.953,0.095952186702405,0.0454513401834219,0.782102434274778,0.0778035408170268,0.7315,0.122628164247316,0.104651162790698,0.126667710374947,0.0290697674418605,0.0581395348837209,3808.9575259249,40.3402028348028,1.73874032040583e-09,14,40.3402028348,1.7273795202931e-09
"H",1,"fc.H_rm.1",0.836137134502924,0.986,0.116106757900255,0.0841492879915061,0.762362256258457,0.0917042713678165,0.54225,0.247557905684037,0.133720930232558,0.154699240647094,0.0232558139534884,0.0328886874970487,3811.12243249447,42.5051094043711,5.89021621292206e-10,29,42.5051094043702,5.85172997766333e-10
"LQH",1,"fc.LQH_rm.1",0.835868128654971,0.979,0.11373841891994,0.082476302062591,0.761839320574947,0.0864802731940205,0.47775,0.413596723874839,0.133720930232558,0.154699240647094,0.0174418604651163,0.0348837209302326,3811.7502619666,43.1329388764948,4.3032819226345e-10,29,43.1329388765002,4.27516459815056e-10
"H",0.5,"fc.H_rm.0.5",0.848127192982456,0.944,0.13109082763391,0.0873552683613809,0.748836278539294,0.0830370157421808,0.593,0.286720537573901,0.145348837209302,0.168102701102337,0.063953488372093,0.112936451816538,3812.72141408872,33.6905546090784,4.02620276506831e-08,41,44.10409099862,2.63069098357459e-10
"H",1.5,"fc.H_rm.1.5",0.827802631578947,0.981,0.116631044305063,0.0727619224878295,0.766787149121939,0.0954282867579613,0.5725,0.19701522783785,0.133720930232558,0.154699240647094,0.0290697674418605,0.0348837209302326,3817.10658960083,38.0757301211866,4.49434988512712e-09,24,48.48926651073,2.93657483483003e-11
"LQH",0.5,"fc.LQH_rm.0.5",0.847921929824561,0.942,0.127209917020421,0.0914487517559728,0.750364152856819,0.0832129082232222,0.60775,0.311118814388758,0.156976744186047,0.169171727463529,0.0755813953488372,0.12213915702782,3819.40373225336,40.3728727737116,1.42511099302368e-09,43,50.78640916326,9.31156938357532e-12
"LQH",1.5,"fc.LQH_rm.1.5",0.82912134502924,0.989,0.112359679815692,0.0789076235384273,0.765985472735481,0.093521481330507,0.57525,0.240972162984303,0.133720930232558,0.157012628686272,0.0290697674418605,0.0348837209302326,3820.12992925739,41.0990697777488,9.9119023393009e-10,26,51.51260616729,6.47636337153883e-12
"H",2,"fc.H_rm.2",0.820941228070175,0.976,0.111167065433711,0.0638054757851632,0.775269918038659,0.0949115619148642,0.63825,0.192370086032106,0.122093023255814,0.143829266009918,0,0,3826.00429292733,57.3869698372314,3.45602044947396e-13,21,57.38696983723,3.43343906854247e-13
"H",3,"fc.H_rm.3",0.815040643274854,0.973,0.0968750454274511,0.0658755940636311,0.782876304495391,0.0916073205512861,0.78975,0.0915109283091369,0.0930232558139535,0.12737733895469,0.00581395348837209,0.0116279069767442,3826.7906933676,58.1733702774959,2.33244610621782e-13,14,58.1733702775,2.31720607658878e-13
"H",2.5,"fc.H_rm.2.5",0.816674269005848,0.971,0.106162639118517,0.0630469868476302,0.779631199447453,0.0959092483824328,0.71375,0.111482061337239,0.104651162790698,0.133594480152047,0,0,3826.95499847124,47.9241389916006,3.26672115696266e-11,17,58.3376753811399,2.13445134160748e-13
"H",3.5,"fc.H_rm.3.5",0.813593859649123,0.975,0.0944720676567503,0.0699639877700584,0.786114232249843,0.0935891411024698,0.84075,0.132359044521584,0.0930232558139535,0.12737733895469,0.00581395348837209,0.0116279069767442,3828.96638357816,49.9355240985137,1.19493790789806e-11,12,60.3490604880599,7.80763554062689e-14
"LQH",3,"fc.LQH_rm.3",0.813521929824561,0.984,0.0913642118831099,0.0812478517247017,0.774675576491408,0.0907204190582942,0.6405,0.158007383793712,0.0930232558139535,0.131554749988195,0,0,3830.73462698969,62.1173038995917,3.24636474344975e-14,16,62.1173038995898,3.22515323733062e-14
"LQH",2,"fc.LQH_rm.2",0.821233040935673,0.982,0.104219929512499,0.0792353692595663,0.775447614560527,0.0970868431492428,0.66525,0.223019244311636,0.104651162790698,0.133594480152047,0,0,3831.19489706142,62.577573971324,2.57899759396433e-14,24,62.5775739713199,2.56214661523604e-14
"LQH",2.5,"fc.LQH_rm.2.5",0.815768128654971,0.98,0.10056682602482,0.0791272960235041,0.775719600226795,0.0970329001171812,0.701,0.151848608818125,0.104651162790698,0.133594480152047,0,0,3833.18465603654,54.1537965568973,1.44997032095748e-12,20,64.5673329464403,9.47399838598616e-15
"H",4,"fc.H_rm.4",0.812719590643275,0.976,0.0936867382608906,0.0707077287222114,0.787067705449323,0.0942311187970643,0.84075,0.153041116479635,0.0930232558139535,0.12737733895469,0.00581395348837209,0.0116279069767442,3836.31640705763,67.6990839675336,1.99218273392746e-15,12,67.69908396753,1.97916595990952e-15
"LQH",3.5,"fc.LQH_rm.3.5",0.811297368421053,0.988,0.0856669212326381,0.0815838573358231,0.771430533594385,0.0849168409527637,0.699,0.0900999445060873,0.0813953488372093,0.133594480152047,0,0,3839.78828944354,60.7574299638986,5.33824298820983e-14,16,71.1709663534402,3.48796832068532e-16
"LQ",0.5,"fc.LQ_rm.0.5",0.80635701754386,0.94,0.0985757216629636,0.0946379103846264,0.766093629407907,0.104384188807202,0.668,0.255084299791265,0.104651162790698,0.137583250769758,0.0290697674418605,0.0581395348837209,3842.36022192193,63.3293624422854,1.47540175829985e-14,12,73.7428988318302,9.64016550874703e-17
"LQH",4,"fc.LQH_rm.4",0.809387426900585,0.987,0.0875498966084972,0.0790445013844927,0.769143788146401,0.0855890851367732,0.68675,0.141186342587849,0.0872093023255814,0.132067635948844,0,0,3842.89408362892,74.2767605388167,7.43027439846878e-17,14,74.2767605388199,7.38172553739336e-17
"LQ",1,"fc.LQ_rm.1",0.787625438596491,0.944,0.106439592701792,0.0892343226155957,0.753960624428684,0.111326923922036,0.64275,0.236892908294022,0.0930232558139535,0.115501274618227,0.0290697674418605,0.0581395348837209,3866.61293238462,97.9956092945167,5.25438978275184e-22,11,97.9956092945199,5.22005799015324e-22
"LQ",1.5,"fc.LQ_rm.1.5",0.772222514619883,0.947,0.114060890798563,0.0877249115695518,0.74221955756179,0.116646444207259,0.55675,0.186526807724788,0.0988372093023256,0.12648968117892,0.0290697674418605,0.0581395348837209,3883.59677986497,104.565920385327,1.63872286341278e-23,9,114.97945677487,1.07072934794939e-25
"LQ",2,"fc.LQ_rm.2",0.765080409356725,0.94,0.115259722362632,0.0964401180087017,0.732399839034303,0.122042811086929,0.48975,0.239010983011242,0.0930232558139535,0.131554749988195,0.0290697674418605,0.0581395348837209,3892.55848852353,123.941165433432,1.22043978321537e-27,9,123.94116543343,1.21246552031655e-27
"LQ",2.5,"fc.LQ_rm.2.5",0.756824269005848,0.927,0.11815135561512,0.0943995291351007,0.727070058186996,0.123651914484894,0.4425,0.306069164296787,0.0872093023255814,0.132067635948844,0.0174418604651163,0.0348837209302326,3901.85894493724,122.828085457599,1.77389027899222e-27,9,133.24162184714,1.15904673338488e-29
"LQ",3,"fc.LQ_rm.3",0.750728947368421,0.914,0.120915179301649,0.0893910056684556,0.7238109910046,0.123114325178077,0.47475,0.311836896469933,0.0872093023255814,0.132067635948844,0.00581395348837209,0.0116279069767442,3907.15300148145,138.535678391346,8.26719409972065e-31,8,138.53567839135,8.21317686747128e-31
"LQ",3.5,"fc.LQ_rm.3.5",0.746459356725146,0.915,0.125374883858688,0.0846093554684906,0.722744332902149,0.122201281443836,0.5275,0.32805131712381,0.0813953488372093,0.120840754016433,0.00581395348837209,0.0116279069767442,3912.12421509877,133.093355619123,1.04677094754748e-29,8,143.50689200867,6.83952362624273e-32
"LQ",4,"fc.LQ_rm.4",0.74232134502924,0.914,0.127462053205263,0.0818785454265309,0.720164761470914,0.12115571863957,0.53175,0.321630611105349,0.0813953488372093,0.120840754016433,0.00581395348837209,0.0116279069767442,3914.69973930331,146.082416213212,1.89934928686274e-32,7,146.08241621321,1.88693907969161e-32
"L",1.5,"fc.L_rm.1.5",0.678326608187135,0.875,0.146938952304369,0.134520317997387,0.648853824538657,0.155362097936189,0.175,0.586724807725053,0.180232558139535,0.345135397201298,0,0,3961.81348559471,182.782626115069,1.69810158550847e-40,5,193.19616250461,1.1095269639546e-42
"L",2,"fc.L_rm.2",0.67849269005848,0.876,0.14545327530395,0.132975665569383,0.649046582879585,0.153211928178381,0.1775,0.571240463085964,0.180232558139535,0.345135397201298,0,0,3962.01957122653,193.402248136433,1.00747410799117e-42,5,193.40224813643,1.00089134699731e-42
"L",2.5,"fc.L_rm.2.5",0.678685087719298,0.875,0.14386967624363,0.131500128761962,0.649164479172857,0.151145709647479,0.15,0.573714214570286,0.180232558139535,0.345135397201298,0,0,3962.20862873803,183.177769258381,1.39366830743519e-40,5,193.59130564793,9.10612521122917e-43
"L",3,"fc.L_rm.3",0.678920175438597,0.883,0.142252918984461,0.129955044912561,0.649301865848832,0.149032483810046,0.15125,0.561932602720291,0.180232558139535,0.345135397201298,0,0,3962.45871937793,193.841396287828,8.08861350471818e-43,5,193.84139628783,8.03576310482264e-43
"L",3.5,"fc.L_rm.3.5",0.679162280701754,0.887,0.140563438605427,0.128372715258214,0.649444228308842,0.146934479914851,0.142,0.549811482843589,0.162790697674419,0.310271257305264,0,0,3962.73946891816,183.708609438519,1.06878153892642e-40,5,194.12214582806,6.98333919558144e-43
"L",4,"fc.L_rm.4",0.679352923976608,0.881,0.138991279013124,0.126492539131497,0.649782242090561,0.144859488972671,0.15225,0.523802364128558,0.162790697674419,0.310271257305264,0,0,3963.05619881574,194.438875725635,5.9997488717103e-43,5,194.43887572564,5.96054695817525e-43
"L",0.5,"fc.L_rm.0.5",0.677611403508772,0.87,0.145759425886712,0.140594287673088,0.645315712168699,0.157507270685253,0.17225,0.566925847590906,0.186046511627907,0.356757627876088,0,0,3963.61276818161,184.581908701964,6.9064427802568e-41,6,194.99544509151,4.51261841757885e-43
"L",1,"fc.L_rm.1",0.678100292397661,0.869,0.146561121959982,0.137235908092067,0.647273726804281,0.156403579863276,0.14925,0.558993962400311,0.180232558139535,0.345135397201298,0,0,3963.82636439726,195.209041307157,4.08219495480511e-43,6,195.20904130716,4.05552219615376e-43
