GCM,SSP,period,threshold_10TP,current_suitable_km2,future_suitable_km2,persistence_km2,loss_km2,gain_km2,net_change_km2,percent_change,mean_delta
CNRM-CM6-1,SSP126,2041-2060,0.2123639,379223.5,126024.2,98813.92,280409.6,27210.28,-253199.3,-66.76783,-0.09516549
HadGEM3-GC31-LL,SSP126,2041-2060,0.2123639,379223.5,113504.6,85459.87,293763.6,28044.688,-265719,-70.06922,-0.10542903
MIROC6,SSP126,2041-2060,0.2123639,379223.5,155104.9,138674.18,240549.3,16430.766,-224118.6,-59.09933,-0.08155849
MRI-ESM2-0,SSP126,2041-2060,0.2123639,379223.5,129241.5,122045.97,257177.5,7195.518,-249982,-65.91944,-0.08443667
CNRM-CM6-1,SSP585,2041-2060,0.2123639,379223.5,121859,82589.1,296634.4,39269.933,-257364.5,-67.86617,-0.1048788
HadGEM3-GC31-LL,SSP585,2041-2060,0.2123639,379223.5,129855.3,72918.2,306305.3,56937.13,-249368.2,-65.75757,-0.09249226
MIROC6,SSP585,2041-2060,0.2123639,379223.5,129022.6,101460.36,277763.2,27562.278,-250200.9,-65.97715,-0.09692441
MRI-ESM2-0,SSP585,2041-2060,0.2123639,379223.5,130840.4,93305.07,285918.4,37535.346,-248383.1,-65.49781,-0.09612782
CNRM-CM6-1,SSP126,2061-2080,0.2123639,379223.5,124670.1,94401,284822.5,30269.137,-254553.4,-67.12489,-0.097208
HadGEM3-GC31-LL,SSP126,2061-2080,0.2123639,379223.5,123539.7,85327.02,293896.5,38212.699,-255683.8,-67.42298,-0.10008238
MIROC6,SSP126,2061-2080,0.2123639,379223.5,155820.3,135929.67,243293.8,19890.611,-223403.2,-58.9107,-0.08129951
MRI-ESM2-0,SSP126,2061-2080,0.2123639,379223.5,132466.1,114644.63,264578.9,17821.506,-246757.4,-65.06911,-0.084403
CNRM-CM6-1,SSP585,2061-2080,0.2123639,379223.5,122491,63961.87,315261.6,58529.161,-256732.5,-67.69952,-0.10193292
HadGEM3-GC31-LL,SSP585,2061-2080,0.2123639,379223.5,117628.3,46962.44,332261.1,70665.896,-261595.2,-68.98179,-0.09305047
MIROC6,SSP585,2061-2080,0.2123639,379223.5,127055.1,84543.04,294680.5,42512.048,-252168.4,-66.49599,-0.10724833
MRI-ESM2-0,SSP585,2061-2080,0.2123639,379223.5,137375.8,77034.49,302189,60341.353,-241847.7,-63.77444,-0.1003153
